videoId,videoUrl,username,profileUrl,viewsCount,viewsDisplay,likesCount,likesDisplay,commentsCount,sharesCount,favoritesCount,caption,description,hashtags,mentions,musicTitle,musicAuthor,postedTime
,,,,0,0,0,0,,,,,,,,,,
,,,,0,0,0,0,,,,,,,,,,
,,,,0,0,0,0,,,,,,,,,,
,,,,0,0,0,0,,,,,,,,,,
,,,,0,0,0,0,,,,,,,,,,
,,,,0,0,0,0,,,,,,,,,,
,,,,0,0,0,0,,,,,,,,,,
,,,,0,0,0,0,,,,,,,,,,
,,,,0,0,0,0,,,,,,,,,,
,,,,0,0,0,0,,,,,,,,,,
7382301967000849669,https://www.tiktok.com/@anya.bumag/video/7382301967000849669,anya.bumag,https://www.tiktok.com/@anya.bumag,6700000,6.7M,162500,162.5K,,,,,One of the coolest gadgets I’ve discovered this year! It’s also incredibly helpful for pool owners @Beatbot  #Beatbot #AquaSensePro #PoolCleaner #PoolRobot #BeatTheDirt #ReadyForFun #cordlesscleaningrobot #amazonfavorites #poolcleaning #summerfinds #amazon2024 #poolparty #beatbotpartner ,beatbot;aquasensepro;poolcleaner;poolrobot;beatthedirt;readyforfun;cordlesscleaningrobot;amazonfavorites;poolcleaning;summerfinds;amazon2024;poolparty;beatbotpartner,beatbotglobal,original sound,Anya,2024-06-19T19:42:02.000Z
7523655647422860557,https://www.tiktok.com/@lauren.clutter/video/7523655647422860557,lauren.clutter,https://www.tiktok.com/@lauren.clutter,1600000,1.6M,44700,44.7K,,,,,Replying to @Bristol314 NEW ROBOT VACUUM ALERT! we went with the Aiper Scuba S1 cordless robotic pool cleaner #poolcleaning #poolmaintenance ,poolcleaning;poolmaintenance,bristol314,original sound,LAUREN CLUTTER,2025-07-05T17:47:02.000Z
7564335012766584082,https://www.tiktok.com/@masha_eklof5/video/7564335012766584082,masha_eklof5,https://www.tiktok.com/@masha_eklof5,43200,43.2K,1211,1.2K,,,,,"Summer is coming, you need to get your pool cleaned💦 @Aiper   The Aiper Scuba X1 Pro Max is smart, cordless, and cleans your entire pool from floor to waterline.  💧 Use code “ eklof5 “ for 5 % off + tap the link in bio to get yours!          https://bit.ly/4qc8lB3  #Aiper #AiperScubaX1promax #PoolCleaning #AiperRoboticPoolCleaner #aiperpoolvacuumrobot",aiper;aiperscubax1promax;poolcleaning;aiperroboticpoolcleaner;aiperpoolvacuumrobot,aiper_official,Sweat and Hustle,The Brazilians of Bossa Nova,2025-10-23T08:43:14.000Z
7610613711375535390,https://www.tiktok.com/@jackiekxhl/video/7610613711375535390,jackiekxhl,https://www.tiktok.com/@jackiekxhl,7365,7.4K,279,279,,,,,POV: you want pool days with the boys… not pool chores 🤍 This little helper keeps it ready for us. Code: jackie (5% discount off) #momlife #igarden #poolrobot #poolcleaning #iGardenPoolCleaner ,momlife;igarden;poolrobot;poolcleaning;igardenpoolcleaner,,good days,surf bagel,2026-02-25T01:48:30.000Z
7514430985090469151,https://www.tiktok.com/@itsaneednotwant/video/7514430985090469151,itsaneednotwant,https://www.tiktok.com/@itsaneednotwant,4200000,4.2M,176500,176.5K,,,,,"This pool robot is WILD 😮‍💨💦 It scrubs the floor, walls, AND waterline—then parks itself 😭👏🏽 Control it from your phone 📲 and clarify up to 99,000 gallons FAST 💧 ✔️ 5-in-1 cleaning: floor, wall, waterline, skimming & clarifying ✔️ SmartDrain = no heavy lifting ✔️ Works up to 3,875 sq. ft pools ✔️ 3-year full replacement warranty 💯 This is a poolside game-changer 🔗 https://amzn.to/45PMmYN #AmazonFinds #PoolCleaning #PoolGadgets #SmartHome #RoboticCleaner #PoolCare #TechUpgrade #BeatbotAquaSense",amazonfinds;poolcleaning;poolgadgets;smarthome;roboticcleaner;poolcare;techupgrade;beatbotaquasense,,original sound,It’s A Need Not A Want,2025-06-10T21:10:21.000Z
7498097840128806149,https://www.tiktok.com/@sam.shan.shops/video/7498097840128806149,sam.shan.shops,https://www.tiktok.com/@sam.shan.shops,482700,482.7K,15700,15.7K,,,,,Personal pool boy robotic cleaner set up with my Beatbot AquaSense 2 Ultra use code SAMSHANSHOPS for discount and link in profile!  #Beatbot #AquaSense2Ultra #roboticpoolcleaner #robotpoolcleaning #poolboy #poolcleaning #poolclean #roboticpoolvacuum #beatbotpartner #poolday #amazonfinds #amazonsummermusthaves @Beatbot ,beatbot;aquasense2ultra;roboticpoolcleaner;robotpoolcleaning;poolboy;poolcleaning;poolclean;roboticpoolvacuum;beatbotpartner;poolday;amazonfinds;amazonsummermusthaves,beatbotglobal,original sound,Sam Shan Shops 🦋,2025-04-27T20:49:13.000Z
7612460706918583565,https://www.tiktok.com/@seautotech/video/7612460706918583565,seautotech,https://www.tiktok.com/@seautotech,359,359,2,2,,,,,"Pool Vacuum for Inground Pools, Cordless Robotic Pool Cleaner, Pool Vacuum with Upgraded Triple-Motor, Wall Climbing, Waterline Cleaning,150 min Battery Life for Pool Up to 2050 Sq.ft #uprightvacuum #vevorlawnsweeper #touchlessvacuum #seauto #seautopoolrobot",uprightvacuum;vevorlawnsweeper;touchlessvacuum;seauto;seautopoolrobot,,原聲 - Seauto Tech,Seauto Tech,2026-03-02T01:15:47.000Z
7493159384659332354,https://www.tiktok.com/@supercarblondie.xtra/video/7493159384659332354,supercarblondie.xtra,https://www.tiktok.com/@supercarblondie.xtra,2500000,2.5M,53900,53.9K,,,,,A robot that cleans your swimming pool at the click of a button... 🤯 #robot #pool #poolcleaning #techtok #technology #robotics #ev #solar #solarpower #futuretech #artificialintelligence #cleaningtiktok #supercarblondie,robot;pool;poolcleaning;techtok;technology;robotics;ev;solar;solarpower;futuretech;artificialintelligence;cleaningtiktok;supercarblondie,,original sound - SB Xtra,SB Xtra,2025-04-14T15:00:00.000Z
7609500990445817101,https://www.tiktok.com/@blackflagryan/video/7609500990445817101,blackflagryan,https://www.tiktok.com/@blackflagryan,1315,1.3K,19,19,,,,,"If only keeping your pool clean was this easy 👀 We’ve got an extra large pool that could use a little help staying spotless and swim ready 💦 I’m a big fan of adding robotic cleaners on open pools and building them into the service plan. It keeps things consistent between visits and saves a ton of manual vacuum time. Running the K60 here, but the K20 is a great starter option for smaller pools 💪🏼 @iGarden Direct  #robotcleaner #poolvacuum #igarden #floridapool #robotvacuum ",robotcleaner;poolvacuum;igarden;floridapool;robotvacuum,igarden_direct,original sound,blackflagryan,2026-02-22T01:50:42.000Z
7501442100924271915,https://www.tiktok.com/@flbossbabe/video/7501442100924271915,flbossbabe,https://www.tiktok.com/@flbossbabe,718500,718.5K,2674,2.7K,,,,,"#creatorsearchinsights how to Clean your above ground pool.  Tired of a green, swampy pool? Watch this pool vacuum in action! This robotic pool cleaner is a game-changer—perfect for above ground or in-ground pools. Whether you’re dealing with algae, leaves, or cloudy water, this cordless pool vacuum has the strong suction power you need. Say goodbye to scrubbing and hello to effortless pool cleaning. Turn your green pool blue again—fast. Pool vacuum for above ground pools can be hard to find. But I love our new pool vacuum.  I love this pool vacuum because it’s cordless and makes cleaning your pool easy. It last aprox 90 mins.  It took about 2 times And all the leaves are picked up. After you vacuum the pool, shock it and your good to go for the summer!  #poolvacuum #poolcleaner #poolcleaning #greenpool #pooltok #poolmaintenance #roboticpoolvacuum #cordlesspoolvacuum #abovegroundpool #cleantok #summervibes ",creatorsearchinsights;poolvacuum;poolcleaner;poolcleaning;greenpool;pooltok;poolmaintenance;roboticpoolvacuum;cordlesspoolvacuum;abovegroundpool;cleantok;summervibes,,original sound,Tina-Marie OG FLBossBabe,2025-05-06T21:06:44.000Z
7484002955398483246,https://www.tiktok.com/@the_hayeks/video/7484002955398483246,the_hayeks,https://www.tiktok.com/@the_hayeks,2400000,2.4M,66300,66.3K,,,,,Cleaning and preparing my pool for summer has never been so easy! Check out my link in bio #AquaSense2Ultra #roboticpoolcleaner @Beatbot does everything! #Beatbot #poolcleaning #pools #summer #poolrobot #poolcleaner #AD,aquasense2ultra;roboticpoolcleaner;beatbot;poolcleaning;pools;summer;poolrobot;poolcleaner;ad,beatbotglobal,original sound,The_hayeks,2025-03-20T21:13:57.000Z
7546667891320507679,https://www.tiktok.com/@pnwdad206/video/7546667891320507679,pnwdad206,https://www.tiktok.com/@pnwdad206,269400,269.4K,411,411,,,,,@Fanttik pool robot #pool #poolcleaning #poolrobot #fanttik #fanttiksuperbrandday ,pool;poolcleaning;poolrobot;fanttik;fanttiksuperbrandday,fanttik_official,original sound,PNW Dad,2025-09-05T18:06:06.000Z
7612970170209864973,https://www.tiktok.com/@robotmall01/video/7612970170209864973,robotmall01,https://www.tiktok.com/@robotmall01,0,0,0,0,,,,,Maximize your pool enjoyment with a robot that scrubs every inch of the surface automatically for you 🤖 #robot #robotmall #lifestyle #cleaning #asmr,robot;robotmall;lifestyle;cleaning;asmr,,original sound,robotmall01,2026-03-03T10:14:08.000Z
7612687155261099277,https://www.tiktok.com/@gadgetscurator24/video/7612687155261099277,gadgetscurator24,https://www.tiktok.com/@gadgetscurator24,465,465,10,10,,,,,"Crystal-clear water for safer, healthier pool time. #poolcleaner #poolrobot #swimmingpool",poolcleaner;poolrobot;swimmingpool,,Come Check This (Quickie Edit),FETISH,2026-03-02T15:55:11.000Z
7359425130595945774,https://www.tiktok.com/@vanessa.k6/video/7359425130595945774,vanessa.k6,https://www.tiktok.com/@vanessa.k6,100400,100.4K,1665,1.7K,,,,,Summer is around the corner which means it’s time to get this pool back into shape. This robotic pool cleaner made it so easy 😍 #pool#abovegroundpool#intexpool#cleaningmypool#poolcleaning#sunmer#backyard#patio#backyardinspo#poolhacks,pool;abovegroundpool;intexpool;cleaningmypool;poolcleaning;sunmer;backyard;patio;backyardinspo;poolhacks,,Dance You Outta My Head,Cat Janice,2024-04-19T04:08:20.000Z
7353738440120208682,https://www.tiktok.com/@trutech/video/7353738440120208682,trutech,https://www.tiktok.com/@trutech,155600,155.6K,1621,1.6K,,,,,"The @Beatbot AquaSense Pro is a great way to keep your pool clean this spring season. Check the Beatbot website and Amazon store at the link in our bio, to get $200 off your order from now until April 10th. This robot pool vacuum features the world's first 5-in-1 cleaning. This includes cleaning of the pool's surface, waterline, floor, walls and water clarification. It also has industry exclusive smart return and surface parking as well as best intelligent path optimization. The powerful quad-core 1.8GHz processor allows it to effectively clean the pool and make sure it’s perfect for springtime swimming #Beatbot #AquaSensePro #Beatbotpoolcleaner #Beatbotpoolcleaning #OneRobotToRuleThemAll #roboticpoolcleaner, #cordlesscleaningrobot #poolcleaning #BeatTheDirt #EmbraceTheSpring",beatbot;aquasensepro;beatbotpoolcleaner;beatbotpoolcleaning;onerobottorulethemall;roboticpoolcleaner;cordlesscleaningrobot;poolcleaning;beatthedirt;embracethespring,beatbotglobal,original sound,Trutech | Technology Reviews,2024-04-03T20:21:16.000Z
7497743914577693983,https://www.tiktok.com/@unemployment333/video/7497743914577693983,unemployment333,https://www.tiktok.com/@unemployment333,986700,986.7K,4403,4.4K,,,,,This packs a lot of value for its price! ,,,original sound,unemployment333,2025-04-26T21:56:04.000Z
7612947103156948238,https://www.tiktok.com/@seautotech/video/7612947103156948238,seautotech,https://www.tiktok.com/@seautotech,37,37,1,1,,,,,"Pool Vacuum for Inground Pools, Cordless Robotic Pool Cleaner, Pool Vacuum with Upgraded Triple-Motor, Wall Climbing, Waterline Cleaning,150 min Battery Life for Pool Up to 2050 Sq.ft #sharkpowerdetectvacuum #robotmopvac #seauto #pool #seautopoolrobot",sharkpowerdetectvacuum;robotmopvac;seauto;pool;seautopoolrobot,,原聲 - Seauto Tech,Seauto Tech,2026-03-03T08:45:35.000Z
7612441945335434510,https://www.tiktok.com/@sunsetnailbar/video/7612441945335434510,sunsetnailbar,https://www.tiktok.com/@sunsetnailbar,156,156,3,3,,,,,@igarden_official power k services ai pool robot vacuum #pool #vacuum #robot #poolvacuum  #clean ,pool;vacuum;robot;poolvacuum;clean,igarden_official,Tropical Beats,4i20 Vibes,2026-03-02T00:03:04.000Z
7485810991855308075,https://www.tiktok.com/@be.lush/video/7485810991855308075,be.lush,https://www.tiktok.com/@be.lush,843800,843.8K,1478,1.5K,,,,,WYBOT C1 Robotic Pool Cleaner #pool #poolrobot #poolcleaning #poolboy #poolday ,pool;poolrobot;poolcleaning;poolboy;poolday,,original sound,LUSH🪴,2025-03-25T18:10:31.000Z
7610233331510201613,https://www.tiktok.com/@kroks.and.socks.o/video/7610233331510201613,kroks.and.socks.o,https://www.tiktok.com/@kroks.and.socks.o,1081,1.1K,7,7,,,,,"Tired of spending hours cleaning your pool? The iGarden Pool Robot is here to DOMINATE dirt and grime. App-controlled or manual, for above ground AND in-ground pools, cleaning floors AND walls. Super long runtime = more time swimming, less time scrubbing. Get one before your neighbor does 😎. Hashtags: #TikTokShopCyberMonday #PoolHacks #iGardenRobot #PoolCleaning #SmartPool @iGarden Direct ",tiktokshopcybermonday;poolhacks;igardenrobot;poolcleaning;smartpool,igarden_direct,original sound,Kroks and Socks Outdoors,2026-02-24T01:12:27.000Z
7609780322820984078,https://www.tiktok.com/@blackflagryan/video/7609780322820984078,blackflagryan,https://www.tiktok.com/@blackflagryan,5352,5.4K,29,29,,,,,"Putting this little robot to work 🤖  Honestly it is pretty wild that we can have battery operated robot vacuum cleaners under water, the future is a crazy place 😂  What do you think, would you trust a robot to clean your pool? 👀 #igarden #poolcleaner #robotvacuum #floridapool #poolvacuum ",igarden;poolcleaner;robotvacuum;floridapool;poolvacuum,,original sound,blackflagryan,2026-02-22T19:54:36.000Z
7611856428504075550,https://www.tiktok.com/@renexposed/video/7611856428504075550,renexposed,https://www.tiktok.com/@renexposed,1122,1.1K,1,1,,,,,Wy bot winny robotic pool cleaner!! Runs for 90 minutes on a full charge!! #poolcleaner #robotpoolcleaner #poolboy #pool #poolmaintenance ,poolcleaner;robotpoolcleaner;poolboy;pool;poolmaintenance,,original sound - Renexposed,Renexposed,2026-02-28T10:12:02.000Z
7337735704782425374,https://www.tiktok.com/@thehouseofemmaline/video/7337735704782425374,thehouseofemmaline,https://www.tiktok.com/@thehouseofemmaline,15400,15.4K,364,364,,,,,The @beatbotglobal AquaSense Pro is the world’s first all-in-one intelligent pool cleaning robot. It solves do many pain points of pool maintenance. Some of the stand out features are: -World’s 1st 5-in-1 Cleaning: Clarification/Surface/Waterline/Floor/Walls Powered by 9 Motors. -Best Intelligent Path Optimization Powered by Quad-Core 1.8GHz Processor. -Industry-Exclusive Smart Return to Starting Point and Surface Parking. *this product was kindly gifted to us but all thoughts and opinions are my own  #Beatbot #AquaSensePro #BeatbotAquaSensePro #Beatbotpoolcleaner #Beatbotpoolcleaning #OneRobotToRuleThemAll #roboticpoolcleaner #cordlesscleaningrobot ,beatbot;aquasensepro;beatbotaquasensepro;beatbotpoolcleaner;beatbotpoolcleaning;onerobottorulethemall;roboticpoolcleaner;cordlesscleaningrobot,,original sound,The House of Emmaline,2024-02-20T17:22:25.000Z
7145901450810412334,https://www.tiktok.com/@thetiktokdentist1/video/7145901450810412334,thetiktokdentist1,https://www.tiktok.com/@thetiktokdentist1,111500,111.5K,3171,3.2K,,,,,#dolphinpoolcleaner #pool #summer #saltwater #saltwaterpool #poolboy #farm #farmlife ##farmhouse #poolcleaning #poolrobot #poolday ##poolmaintenance #poollife #poolday #pooltok #swimming #swim ,dolphinpoolcleaner;pool;summer;saltwater;saltwaterpool;poolboy;farm;farmlife;farmhouse;poolcleaning;poolrobot;poolday;poolmaintenance;poollife;poolday;pooltok;swimming;swim,,Cool CM heavy promotion video(1205716),RE:MUSICA,2022-09-21T18:27:36.000Z
7381620708587228447,https://www.tiktok.com/@kylekruegerr/video/7381620708587228447,kylekruegerr,https://www.tiktok.com/@kylekruegerr,3400000,3.4M,75000,75.0K,,,,,This thing does a better job than I do😂🙏 @Aiper Smart #Aiper #gsmskol #ScubaS1Pro #AiperScubaS1Pro #AiperScubaSeries #BringVacationHome #AutomatedPoolCleaner #FathersDay ,aiper;gsmskol;scubas1pro;aiperscubas1pro;aiperscubaseries;bringvacationhome;automatedpoolcleaner;fathersday,aiper_official,original sound,Kyle Krueger,2024-06-17T23:38:52.000Z
7612908995019312397,https://www.tiktok.com/@poolstar6/video/7612908995019312397,poolstar6,https://www.tiktok.com/@poolstar6,93,93,3,3,,,,,"Discover the Aquajack 800 Cordless Robotic Pool Cleaner—your ultimate solution for effortless and efficient pool maintenance. Watch how this innovative cleaner navigates, scrubs, and purifies your pool, giving you more time to enjoy a crystal-clear swim!",,,原聲 - Poolstar,Poolstar,2026-03-03T06:15:38.000Z
7612873732654173454,https://www.tiktok.com/@poolstar6/video/7612873732654173454,poolstar6,https://www.tiktok.com/@poolstar6,20,20,0,0,,,,,"Discover the revolutionary Aquajack 800 Cordless Robotic Pool Cleaner! Effortlessly keep your pool sparkling clean with this powerful, cordless design. Watch how it navigates and cleans, making pool maintenance a breeze!",,,原聲 - Poolstar,Poolstar,2026-03-03T03:58:31.000Z
7504655366194597166,https://www.tiktok.com/@ashleyorganic/video/7504655366194597166,ashleyorganic,https://www.tiktok.com/@ashleyorganic,1659,1.7K,22,22,,,,,"I didn’t think I’d ever get excited about pool cleaning, but here we are. 😂 The Poolmate Hydro 4SE corded robotic pool cleaner is officially my new favorite thing. It’s lightweight, super easy to handle, and the S-shaped cleaning path? Total game-changer. My pool has never looked this good, and I didn’t even have to lift a finger (well, barely). Also, can we talk about how it tackles the waterline like a pro? No more grime or buildup—just a clean, sparkling pool every time. Plus, the large filter basket means fewer trips to empty it out. Honestly, I’m obsessed. Who knew pool maintenance could be this satisfying?! @Poolmate  #Poolmate #poolmaintenance #roboticpoolcleaner #poolcleaning",poolmate;poolmaintenance;roboticpoolcleaner;poolcleaning,canfish_official,original sound,Ashleyorganic 💖 ✨,2025-05-15T12:55:54.000Z
7366106581240532266,https://www.tiktok.com/@trutech/video/7366106581240532266,trutech,https://www.tiktok.com/@trutech,129200,129.2K,1158,1.2K,,,,,This C1 Cordless Robotic Pool Cleaner by WYBOT is awesome. Check it out #pool #poolvacuum #wybotpartner #roboticpoolcleaner #summer #tech #poolcleaning ,pool;poolvacuum;wybotpartner;roboticpoolcleaner;summer;tech;poolcleaning,,original sound,Trutech | Technology Reviews,2024-05-07T04:15:46.000Z
7484758489714281774,https://www.tiktok.com/@kylekruegerr/video/7484758489714281774,kylekruegerr,https://www.tiktok.com/@kylekruegerr,842700,842.7K,59500,59.5K,,,,,"A pool-cleaning robot… with an AI camera that maps your pool for the most efficient clean?! 🤯 The Beatbot AquaSense 2 Ultra does it all—floor, walls, waterline, and surface—then parks itself when it’s done. @Beatbot #Beatbot #Beatbotpartner  #AquaSense2Ultra #roboticpoolcleaner #HybridSense #AItech #poolcleaning #automation #innovation",beatbot;beatbotpartner;aquasense2ultra;roboticpoolcleaner;hybridsense;aitech;poolcleaning;automation;innovation,beatbotglobal,original sound,Kyle Krueger,2025-03-22T22:06:07.000Z
7532317963886660878,https://www.tiktok.com/@onsitepools/video/7532317963886660878,onsitepools,https://www.tiktok.com/@onsitepools,15100,15.1K,86,86,,,,,"Tried the Aiper Scuba S1 (2025)—a totally cordless, plug‑and‑go robotic cleaner that’s perfect for your pool! , powered by 4,200 GPH suction and WavePath 2.0 navigation. It scrubs walls, waterline, and floor using caterpillar treads, runs up to 180 minutes, and filters debris through a combo of ultrafine 3 µm mesh + 180 µm basket. No hoses. No fuss. If you’re tired of constant vacuuming and want a smarter way to clean your pool… this is the upgrade. #roboticpoolcleaner #poolcleaning #smarttech #pooltok #aiper ",roboticpoolcleaner;poolcleaning;smarttech;pooltok;aiper,,Tropical Beats,4i20 Vibes,2025-07-29T02:01:18.000Z
7374130729107754286,https://www.tiktok.com/@smalltownbeautybytess/video/7374130729107754286,smalltownbeautybytess,https://www.tiktok.com/@smalltownbeautybytess,692800,692.8K,9317,9.3K,,,,,If you have a pool YOU NEED THIS🫨🙌🏼👏🏼🤖🧼💦#pool #robot #cleantok #clean #cleaning #tiktokshop #momsoftiktok #family #vlog #fyp #relatable #trending #viral ,pool;robot;cleantok;clean;cleaning;tiktokshop;momsoftiktok;family;vlog;fyp;relatable;trending;viral,,original sound,Tess Walker,2024-05-28T19:13:30.000Z
7386757984849792288,https://www.tiktok.com/@thetechbadger/video/7386757984849792288,thetechbadger,https://www.tiktok.com/@thetechbadger,2300000,2.3M,18200,18.2K,,,,,AI meets pool cleaning 🔥🧼 #Beatbot #AquaSense #roboticpoolcleaner,beatbot;aquasense;roboticpoolcleaner,,original sound,thetechbadger,2024-07-01T19:53:42.000Z
7526423820303912222,https://www.tiktok.com/@1stop1shopp/video/7526423820303912222,1stop1shopp,https://www.tiktok.com/@1stop1shopp,125700,125.7K,187,187,,,,,This fanttik pool cleaner is essential for all of you pool owners.. it’s going to save you time and money. #fanttik #fanttiktools #poolcleaning #poolvacuum #poolrobot #robotvaccuum ,fanttik;fanttiktools;poolcleaning;poolvacuum;poolrobot;robotvaccuum,,original sound,1stop1shopp,2025-07-13T04:48:40.000Z
7436525406808837407,https://www.tiktok.com/@terra.hills/video/7436525406808837407,terra.hills,https://www.tiktok.com/@terra.hills,9274,9.3K,34,34,,,,,This pool robot cleans leaves like a pro: Dolphin Premier #poolcleaning #roboticpoolcleaner #poolrobot #swimmingpool ,poolcleaning;roboticpoolcleaner;poolrobot;swimmingpool,,Aces (Sped Up Version),dkj & sped up nightcore,2024-11-12T22:36:54.000Z
7611857484906597663,https://www.tiktok.com/@renexposed/video/7611857484906597663,renexposed,https://www.tiktok.com/@renexposed,583,583,0,0,,,,,Save time and stop vacuuming your pool with this cordless and rechargeable pool robot will do it for you #poolcleaning #cleanpool #poolvacuum #roboticvacuum #robotvaccuum        ,poolcleaning;cleanpool;poolvacuum;roboticvacuum;robotvaccuum,,original sound - Renexposed,Renexposed,2026-03-03T00:45:00.000Z
7515183883634167071,https://www.tiktok.com/@pnwdad206/video/7515183883634167071,pnwdad206,https://www.tiktok.com/@pnwdad206,302000,302.0K,529,529,,,,,The most advanced pool cleaning robot you can get. #fanttik #poolrobot #poolcleaner #poolparty #poolcleaningrobot #poolowner ,fanttik;poolrobot;poolcleaner;poolparty;poolcleaningrobot;poolowner,,original sound,PNW Dad,2025-06-12T21:51:51.000Z
7494751031910337834,https://www.tiktok.com/@trutech/video/7494751031910337834,trutech,https://www.tiktok.com/@trutech,269700,269.7K,2746,2.7K,,,,,"Poolmate robotic pool cleaner delivers deep cleaning for pools, with a lightweight design and user-friendly operation, offering the most powerful cleaning performance on the market. @Poolmaterobot #Poolmate #poolmaintenance #roboticpoolcleaner #poolcleaning #poolmatepartner",poolmate;poolmaintenance;roboticpoolcleaner;poolcleaning;poolmatepartner,poolmaterobotic,original sound,Trutech | Technology Reviews,2025-04-18T20:22:00.000Z
7519296830195158285,https://www.tiktok.com/@linecreekboutique/video/7519296830195158285,linecreekboutique,https://www.tiktok.com/@linecreekboutique,55800,55.8K,104,104,,,,,#pool #summer #robot #vacuum #robotvaccuum #clean #cleaning @Fanttik #aero #tiktokshopcreatorpicks #tiktokshopsummerturnup #dealsforyoudays ,pool;summer;robot;vacuum;robotvaccuum;clean;cleaning;aero;tiktokshopcreatorpicks;tiktokshopsummerturnup;dealsforyoudays,fanttik_official,original sound,LineCreekBoutique - David,2025-06-23T23:52:34.000Z
7490568795178765610,https://www.tiktok.com/@beatbotglobal/video/7490568795178765610,beatbotglobal,https://www.tiktok.com/@beatbotglobal,2184,2.2K,40,40,,,,,Summer’s coming—time to open the pool. ☀️But what if it’s not a perfect shape? Cleaning irregular-shaped pools used to be a nightmare—until we put the Beatbot AquaSense 2 Ultra to the test. Can it really handle all these curves and corners? Let’s find out. 👀 #CommandTheClean #RoboticPoolCleaner #Poolopening #cleaningchallenge#Poolcleaning #Poolcleaner #AquaSense2Ultra #Beatbot,commandtheclean;roboticpoolcleaner;poolopening;cleaningchallenge;poolcleaning;poolcleaner;aquasense2ultra;beatbot,,原聲 - Beatbot,Beatbot,2025-04-07T14:10:00.000Z
7505083279310245166,https://www.tiktok.com/@refined_living_02/video/7505083279310245166,refined_living_02,https://www.tiktok.com/@refined_living_02,275600,275.6K,642,642,,,,,Don’t miss out the flash sales almost over!,,,original sound,refined_living_02,2025-05-16T16:36:27.000Z
7391246736368438570,https://www.tiktok.com/@motherhoodonpurpose/video/7391246736368438570,motherhoodonpurpose,https://www.tiktok.com/@motherhoodonpurpose,147800,147.8K,509,509,,,,,CLIP THE COUPON! You’ll be thanking me every time this robot does the cleaning for you the rest of the summer! #poolcleaning #pool #backyardpool #poolparty #poolrobot #robotcleaner #poolparty🤩 #roboticpoolcleaner #CapCut ,poolcleaning;pool;backyardpool;poolparty;poolrobot;robotcleaner;poolparty🤩;roboticpoolcleaner;capcut,,original sound,Motherhood On Purpose {Terena},2024-07-13T22:12:24.000Z
7482467275388275998,https://www.tiktok.com/@christykomorowski/video/7482467275388275998,christykomorowski,https://www.tiktok.com/@christykomorowski,15800,15.8K,131,131,,,,,"So worth it!!!! Yes it’s an investment but it’s all solar powered, it’ll SAVE money in the end! We’re so happy with this !  #wybotpoolcleaner  #wybotautodockingrobot #wybotsolarpoolcleaner #poolcleaning #poolcleaner #poolside #summerbackyard #backyard ",wybotpoolcleaner;wybotautodockingrobot;wybotsolarpoolcleaner;poolcleaning;poolcleaner;poolside;summerbackyard;backyard,,original sound,C H R I S T Y   R E N É E,2025-03-16T17:55:00.000Z
7501983394239237383,https://www.tiktok.com/@danstube.tv/video/7501983394239237383,danstube.tv,https://www.tiktok.com/@danstube.tv,3357,3.4K,38,38,,,,,I trusted an AI robot to clean my pool… here’s what happened! 🏊‍♂️🤖 @wybot_official have some advanced pool cleaners 💦 #wybot #poolcleaner #pool ,wybot;poolcleaner;pool,wybot.official,original sound,DansTube.TV,2025-05-08T08:07:07.000Z
7506710640451439903,https://www.tiktok.com/@diy.jim/video/7506710640451439903,diy.jim,https://www.tiktok.com/@diy.jim,12200,12.2K,84,84,,,,,#Aiperpoolrobot #pool #pooltips #summerswimmingpool #poolrobot #poolcleaningtips #vacuumpooleasy,aiperpoolrobot;pool;pooltips;summerswimmingpool;poolrobot;poolcleaningtips;vacuumpooleasy,,Summer Vibes upbeat happy background,SunSmileMusic,2025-05-21T01:51:20.000Z
7328023064757701931,https://www.tiktok.com/@toolsinaction/video/7328023064757701931,toolsinaction,https://www.tiktok.com/@toolsinaction,391900,391.9K,5143,5.1K,,,,,If you have a pool you need a pool cleaning robot.  Its called the BeatBot #toolsinaction #tiacrew #pool #diy #fyp #foryou ,toolsinaction;tiacrew;pool;diy;fyp;foryou,,original sound,Toolsinaction,2024-01-25T13:12:23.000Z
7599858490214993172,https://www.tiktok.com/@melbournefoodandtravele1/video/7599858490214993172,melbournefoodandtravele1,https://www.tiktok.com/@melbournefoodandtravele1,341,341,77,77,,,,,Pool cleaning with Robot #poolcleaning #poolcare #creatorsearchinsights ,poolcleaning;poolcare;creatorsearchinsights,,original sound,user08379672243,2026-01-27T02:12:35.000Z
7516332883716459806,https://www.tiktok.com/@shaina_louisiana_mama1/video/7516332883716459806,shaina_louisiana_mama1,https://www.tiktok.com/@shaina_louisiana_mama1,177400,177.4K,977,977,,,,,This is a MUST HAVE purchase for your pool this summer! #poolvacuum #cleanpool #aiper #scubase #robotvaccuum #poolday #poolcleaning #pooltok #abovegroundpool #Summer #poolday ,poolvacuum;cleanpool;aiper;scubase;robotvaccuum;poolday;poolcleaning;pooltok;abovegroundpool;summer;poolday,,original sound,shaina_louisiana_mama1,2025-06-16T00:10:46.000Z
7500979958911618334,https://www.tiktok.com/@meridethconway/video/7500979958911618334,meridethconway,https://www.tiktok.com/@meridethconway,1675,1.7K,26,26,,,,,Not a paid commission  Viper cordless robotic pool cleaner Viper scuba N1 https://aiper.com/us/products/aiper-scuba-e1-cordless-robotic-pool-cleaner #summertime #cleaning #robot #poolcleaning #waitandsee#pool,summertime;cleaning;robot;poolcleaning;waitandsee;pool,,Sound of flowing water (ASMR) 3D sound(938614),MN Field Record,2025-05-05T15:13:45.000Z
7516888119619177758,https://www.tiktok.com/@joeyhubbard0/video/7516888119619177758,joeyhubbard0,https://www.tiktok.com/@joeyhubbard0,322300,322.3K,1318,1.3K,,,,,"This robotic pool, vacuum cleaner is designed for flat bottom poles only and does an amazing job at cleaning up your pool! @RefinedLiving #poolcleaning #poolparty #summer #backyardvibes #pool #robotvaccuum #swimmingpool #vacuumcleaner #fyp #flashsale ",poolcleaning;poolparty;summer;backyardvibes;pool;robotvaccuum;swimmingpool;vacuumcleaner;fyp;flashsale,refinedliving01,original sound,Joey Hubbard,2025-06-17T12:05:48.000Z
7533440114794499341,https://www.tiktok.com/@smarttechmax2/video/7533440114794499341,smarttechmax2,https://www.tiktok.com/@smarttechmax2,1876,1.9K,15,15,,,,,'Top 5 Best Robot Pool Cleaners 2025' #smarttechmax #top5 #pool #cleaner #robot #cleaners #technology ,smarttechmax;top5;pool;cleaner;robot;cleaners;technology,,original sound,Smarttechmax,2025-08-01T02:35:44.000Z
7588243554636467486,https://www.tiktok.com/@itsjustchelsey/video/7588243554636467486,itsjustchelsey,https://www.tiktok.com/@itsjustchelsey,1852,1.9K,6,6,,,,,This is not a sponsored video & I paid for this vacuum.  Having a pool vacuum robot is one of the best investments I have ever made. I love this robot pool vacuum and would buy another one.  #poolvacuum #robot #poolcleaning #poolmaintenance #tiktokshopcreatorpicks ,poolvacuum;robot;poolcleaning;poolmaintenance;tiktokshopcreatorpicks,,original sound,Chelsey-SAHM💕FL🌴Millennial,2025-12-26T19:00:57.000Z
7514927250710482207,https://www.tiktok.com/@wybot.official.store/video/7514927250710482207,wybot.official.store,https://www.tiktok.com/@wybot.official.store,97900,97.9K,273,273,,,,,#fyp #poolcleaning #tiktokmademebuyit #robot #wybotc1 ,fyp;poolcleaning;tiktokmademebuyit;robot;wybotc1,,Infinity High,Sherwyn,2025-06-12T05:16:12.000Z
7607962161771564302,https://www.tiktok.com/@thezamfamily/video/7607962161771564302,thezamfamily,https://www.tiktok.com/@thezamfamily,602,602,22,22,,,,,Pool cleaning just got a whole lot easier with this pool cleaning robot vacuum #poolcleaning #poolmaintenance #pooltok #poolvaccum #poolseason ,poolcleaning;poolmaintenance;pooltok;poolvaccum;poolseason,,original sound,Daisy Zam,2026-02-17T22:19:15.000Z
7344095941101686047,https://www.tiktok.com/@motherhoodonpurpose/video/7344095941101686047,motherhoodonpurpose,https://www.tiktok.com/@motherhoodonpurpose,82500,82.5K,666,666,,,,,Who cleans your pool? Time to let a robot do the work for you! Nows the time to start prepping for summer! ☀️🌴☀️ #poolparty #poolcleaning #poolside #ttsacl #poolboy #poolvacuum #backyardpool #poolrobot #pooltok ,poolparty;poolcleaning;poolside;ttsacl;poolboy;poolvacuum;backyardpool;poolrobot;pooltok,,original sound,Motherhood On Purpose {Terena},2024-03-08T20:43:51.000Z
7391558594908540191,https://www.tiktok.com/@lifetipsfromus/video/7391558594908540191,lifetipsfromus,https://www.tiktok.com/@lifetipsfromus,30800,30.8K,221,221,,,,,"Meet the Beatbot AquaSense! Link in bio! @Beatbot It's the best pool cleaning robot that cleans the waterline, floor and walls!! It's a game changer for homes with pools! #Beatbot #AquaSense #PoolCleaner #PoolRobot #cordlesscleaningrobot #poolcleaning #outdoorliving #poollife #poolfinds #pool #summeressentials",beatbot;aquasense;poolcleaner;poolrobot;cordlesscleaningrobot;poolcleaning;outdoorliving;poollife;poolfinds;pool;summeressentials,beatbotglobal,original sound,LifeTipsFromUs,2024-07-14T18:22:47.000Z
7519294763250486583,https://www.tiktok.com/@the.thrift.life/video/7519294763250486583,the.thrift.life,https://www.tiktok.com/@the.thrift.life,1800,1.8K,17,17,,,,,Replying to @Alicia 🦦 there’s a reason this is a customer favorite. The ultimate pool robot cordless vacuum to clean your pool so you don’t have too! One click and it’s good to go! #pool #pools #poolvacuum #robotvacuum #robotsontiktok #robotvacuumcleaner #poolcleaning #poolside #poolservice #poolsoftiktok #poolcleaner #vacuum #vacuumcleaner #poolvacuuming #pooltok #pooltime #poollife #poolparty #tiktokshopmademebuyit #tiktokshopspringsale #tiktokshopspringsale2025 #poolpartyvibes  ,pool;pools;poolvacuum;robotvacuum;robotsontiktok;robotvacuumcleaner;poolcleaning;poolside;poolservice;poolsoftiktok;poolcleaner;vacuum;vacuumcleaner;poolvacuuming;pooltok;pooltime;poollife;poolparty;tiktokshopmademebuyit;tiktokshopspringsale;tiktokshopspringsale2025;poolpartyvibes,alicias.tok3,shine on,choppy.wav,2025-06-23T23:44:28.000Z
7502468209514188078,https://www.tiktok.com/@thesaavyseeker/video/7502468209514188078,thesaavyseeker,https://www.tiktok.com/@thesaavyseeker,1381,1.4K,12,12,,,,,"𝘾𝙃𝙀𝘾𝙆 𝙁𝙐𝙇𝙇 𝘾𝘼𝙋𝙏𝙄𝙊𝙉! Intelligent pool robot vacuum with 5-in-1 cleaning, app control, and water clarification system. 𝐏𝐑𝐎𝐃𝐔𝐂𝐓 𝐃𝐄𝐓𝐀𝐈𝐋𝐒: ▪︎ ᴄʟɪᴄᴋ ᴏɴ ʟɪɴᴋ ɪɴ ʙɪᴏ ▪︎ ɢᴏ ᴛᴏ ᴄᴀᴛᴇɢᴏʀʏ ➡️ CLEANING  #shoppingonline #poolVacuumRobot #poolCleaningTips #robotVacuum #homeAutomation #poolMaintenance #poolCare #poolEquipment",shoppingonline;poolvacuumrobot;poolcleaningtips;robotvacuum;homeautomation;poolmaintenance;poolcare;poolequipment,,original sound,thesaavyseeker.co,2025-05-09T15:29:13.000Z
7113615258693963051,https://www.tiktok.com/@debbiecadwalader/video/7113615258693963051,debbiecadwalader,https://www.tiktok.com/@debbiecadwalader,45400,45.4K,640,640,,,,,Amazing! #dolphinroboticpoolcleaner #dolphinrobot #roboticvacuum #poolmaintenence101 #poolvacuum,dolphinroboticpoolcleaner;dolphinrobot;roboticvacuum;poolmaintenence101;poolvacuum,,original sound,Debbie Cadwalader,2022-06-26T18:20:22.000Z
7587437748454247694,https://www.tiktok.com/@dailydealdepot/video/7587437748454247694,dailydealdepot,https://www.tiktok.com/@dailydealdepot,0,0,0,0,,,,,🚨SALE ENDS SOON 🚨 Fantik Cordless Robotic Pool Cleaner (79% OFF 🤯) #pool #poolcleaning #giftideasforhim #pooltok #cleaningtiktok ,pool;poolcleaning;giftideasforhim;pooltok;cleaningtiktok,,Lowest Price of the year,shopaholicstation,2025-12-24T23:00:00.000Z
7322677178338970886,https://www.tiktok.com/@interestingengineering/video/7322677178338970886,interestingengineering,https://www.tiktok.com/@interestingengineering,0,0,0,0,,,,,This autonomous wireless robot designed and manufactured by WYBOT uses AI to clean pools autonomously. #ces #ces2024,ces;ces2024,,original sound - interestingengineering,interestingengineering,2024-01-11T03:27:33.000Z
7484022103784623391,https://www.tiktok.com/@hardwick606/video/7484022103784623391,hardwick606,https://www.tiktok.com/@hardwick606,0,0,0,0,,,,,#pool #poolrobot #wybotc1 #wybotpoolcleaner #poolcleaning #poolcleanup #poolparty #flashsale #clearance #tiktokshop #tiktokshopfinds #springtok #tiktokshopspringglowup #tiktokspringglowup #deals #sale @Wybot ,pool;poolrobot;wybotc1;wybotpoolcleaner;poolcleaning;poolcleanup;poolparty;flashsale;clearance;tiktokshop;tiktokshopfinds;springtok;tiktokshopspringglowup;tiktokspringglowup;deals;sale,wybot_life,Way down We Go,KALEO,2025-03-20T22:28:16.000Z
7496778988866637099,https://www.tiktok.com/@jessehe054/video/7496778988866637099,jessehe054,https://www.tiktok.com/@jessehe054,0,0,0,0,,,,,"🏊‍♀️ Pool cleaning... without lifting a finger? Say hello to your new favorite robot. 🤖💦 ✅ Climbs walls & scrubs floors ✅ Picks up leaves, sand, and dirt ✅ Plug in, drop in, and relax 🏖️ ✨ Your pool has never looked this good! Warning: You might stop calling your pool guy 😏 #PoolHack #RobotCleaner #SummerReady #TikTokMadeMeBuyIt #SatisfyingClean",,,原聲 - Ningbo East Cleaning Tool,Ningbo East Cleaning Tool,2025-04-24T14:00:00.000Z
7105304264599244038,https://www.tiktok.com/@medencemester/video/7105304264599244038,medencemester,https://www.tiktok.com/@medencemester,0,0,0,0,,,,,Maytronics Dolphin S200 #medence #swimmingpool #pool @medencemester #poolrobot #swimmingpoolcleaning,medence;swimmingpool;pool;poolrobot;swimmingpoolcleaning,,Sunroof,Nicky Youre & dazy,2022-06-04T08:49:31.000Z
7437095478791097630,https://www.tiktok.com/@pupstar11/video/7437095478791097630,pupstar11,https://www.tiktok.com/@pupstar11,0,0,0,0,,,,,The pool should be cleaning now!#pool #poolcleaning #cleaningtiktok #cleaning #robot #cleaningmotivation #cleaningtips ,pool;poolcleaning;cleaningtiktok;cleaning;robot;cleaningmotivation;cleaningtips,,original sound,Emma.smithy,2024-11-14T11:29:03.000Z
7353656110567591214,https://www.tiktok.com/@diamondthebarbie/video/7353656110567591214,diamondthebarbie,https://www.tiktok.com/@diamondthebarbie,0,0,0,0,,,,,Originally this is $250 but you can still catch the flash sale before summer comes! #fyp #viral #onsale #fypシ゚viral🖤tiktok #swimmingpool #pool #summer #summermusthaves  #poolcleaning #poolcleaninghack ,fyp;viral;onsale;fypシ゚viral🖤tiktok;swimmingpool;pool;summer;summermusthaves;poolcleaning;poolcleaninghack,,original sound,DIAMOND 💎,2024-04-03T15:02:12.000Z
7379757265961733419,https://www.tiktok.com/@noah.c310/video/7379757265961733419,noah.c310,https://www.tiktok.com/@noah.c310,0,0,0,0,,,,,#pool #poolcleaner #poolcleaners #poolcleanerrobot #poolcleaning #fy #fyp #foryoupage #fyppppppppppppppppppppppp #fypシ゚viral #fypp #fyy #fyr #tiktokshopping #tiktokshop #tech ,pool;poolcleaner;poolcleaners;poolcleanerrobot;poolcleaning;fy;fyp;foryoupage;fyppppppppppppppppppppppp;fypシ゚viral;fypp;fyy;fyr;tiktokshopping;tiktokshop;tech,,original sound,Kyzeeb,2024-06-12T23:07:20.000Z
7267865775602552110,https://www.tiktok.com/@airrobo/video/7267865775602552110,airrobo,https://www.tiktok.com/@airrobo,0,0,0,0,,,,,Airrobo PC100 Cordless Robotic Pool Cleaner #foryou #fyp #pfy #tiktok #pc100 #poolcleaning #roboticpoolcleaner ,foryou;fyp;pfy;tiktok;pc100;poolcleaning;roboticpoolcleaner,,original sound,AirroboOfficial,2023-08-16T10:31:40.000Z
7392685545203223840,https://www.tiktok.com/@saesiii/video/7392685545203223840,saesiii,https://www.tiktok.com/@saesiii,0,0,0,0,,,,,Este robot te limpia la piscina! 💦🏄‍♂️ @Aiper Smart                         #saesi #aiper #Aiperscuba #scubas1pro #aiperscubas1pro #surfers1 #piscina #skimmer ,saesi;aiper;aiperscuba;scubas1pro;aiperscubas1pro;surfers1;piscina;skimmer,aiper_official,Blue Blood,Heinz Kiessling,2024-07-17T19:15:39.000Z
7371052834839874862,https://www.tiktok.com/@mplyly/video/7371052834839874862,mplyly,https://www.tiktok.com/@mplyly,0,0,0,0,,,,,#aipercordlessroboticpoolcleaner #roboticpoolcleaner #poolcleaner #aiper #pool #usa ,aipercordlessroboticpoolcleaner;roboticpoolcleaner;poolcleaner;aiper;pool;usa,,sonido original,lilian_montes_nails,2024-05-20T12:10:11.000Z
7370055936850922795,https://www.tiktok.com/@echusita_/video/7370055936850922795,echusita_,https://www.tiktok.com/@echusita_,0,0,0,0,,,,,El robot de mi piscina le doy 10/10 #fypシ゚viral #fypage #foryou #ttsacl #tiktokshop #tiktokmehizocomprarlo #shop #robot #shopping #robot #pool #clean #summer ,fypシ゚viral;fypage;foryou;ttsacl;tiktokshop;tiktokmehizocomprarlo;shop;robot;shopping;robot;pool;clean;summer,,sonido original,Echusita🎀,2024-05-17T19:41:20.000Z
7236051301803592986,https://www.tiktok.com/@thep00lguy/video/7236051301803592986,thep00lguy,https://www.tiktok.com/@thep00lguy,140100000,140.1M,7300000,7.3M,,,,,My personal favourite part of my job! When it vacs up so clean all in one go! 😍  #thep00lguy #hollayaboy #satisfying #oddlysatisfying #timelapse ,thep00lguy;hollayaboy;satisfying;oddlysatisfying;timelapse,,Stolen Dance (Instrumental),Milky Chance,2023-05-22T16:54:56.000Z
7251982769792748806,https://www.tiktok.com/@mestre.das.piscinas/video/7251982769792748806,mestre.das.piscinas,https://www.tiktok.com/@mestre.das.piscinas,5500000,5.5M,42400,42.4K,,,,,Above ground pool vacuum without pump #fy #poolcleaning #abovegroundpool #mestredaspiscinas #poolcleaningservice #poolguylife #poolguy #abovegroundswimmingpool #poolcleaningtips #asmr ,fy;poolcleaning;abovegroundpool;mestredaspiscinas;poolcleaningservice;poolguylife;poolguy;abovegroundswimmingpool;poolcleaningtips;asmr,,som original,Neldson Batista,2023-07-04T15:16:58.000Z
7375902332623539489,https://www.tiktok.com/@verbuszodatechnika/video/7375902332623539489,verbuszodatechnika,https://www.tiktok.com/@verbuszodatechnika,87400000,87.4M,4500000,4.5M,,,,,"Van ez így néha…🫣🙂 Medence takarítása, üzembe helyezése. #verbuszodatechnika #poolcleaning #foryou #swimmingpool #pooljobs ",verbuszodatechnika;poolcleaning;foryou;swimmingpool;pooljobs,,eredeti hang,Verbuszodatechnika,2024-06-02T13:48:14.000Z
7562561841579248926,https://www.tiktok.com/@usbuzz5/video/7562561841579248926,usbuzz5,https://www.tiktok.com/@usbuzz5,8900000,8.9M,251400,251.4K,,,,,Will our million-dollar business idea come true part 1 #swimmingpool #house #renovation #pool #cleaning ,swimmingpool;house;renovation;pool;cleaning,,original sound,USBuzz,2025-10-18T14:02:46.000Z
7194801947721960706,https://www.tiktok.com/@staysaltypools/video/7194801947721960706,staysaltypools,https://www.tiktok.com/@staysaltypools,50900000,50.9M,5500000,5.5M,,,,,The long awaited part 2 . #poolcleaning #pooltok #poolmaintenance #poolclean #poolguy #thep00lguyml @thep00guyml #poolsalt #asmr ,poolcleaning;pooltok;poolmaintenance;poolclean;poolguy;thep00lguyml;poolsalt;asmr,thap00lguy,original sound,staysaltypools,2023-01-31T13:06:14.000Z
7490438999589326098,https://www.tiktok.com/@ezrasnow17/video/7490438999589326098,ezrasnow17,https://www.tiktok.com/@ezrasnow17,154300,154.3K,1156,1.2K,,,,,Summer na mas makakatipid  pag may ganto sa bahay #catesnow17 #swimmingpool #inflitablepool #intexswimmingpool ,catesnow17;swimmingpool;inflitablepool;intexswimmingpool,,original sound - Cate Louis Gaerlan,Cate Louis Gaerlan,2025-04-07T05:28:58.000Z
7381858773876428062,https://www.tiktok.com/@trutech/video/7381858773876428062,trutech,https://www.tiktok.com/@trutech,14900,14.9K,1489,1.5K,,,,,Check out this great @Smorobot Tank C1 Pool Cleaning Robot in our blo #smorobot #tankc1 #pool #poolcleaning #smorobotpartner,smorobot;tankc1;pool;poolcleaning;smorobotpartner,smorobot,original sound,Trutech | Technology Reviews,2024-06-18T15:02:24.000Z
7362324429562629422,https://www.tiktok.com/@thedealguy_ytb/video/7362324429562629422,thedealguy_ytb,https://www.tiktok.com/@thedealguy_ytb,357000,357.0K,1471,1.5K,,,,,Makes my life so much easier 🙏 #poolcleaner #roboticpoolcleaner #cleanpool #poolcleaning #pool #summertime ,poolcleaner;roboticpoolcleaner;cleanpool;poolcleaning;pool;summertime,,Woke Up,Spxrnn,2024-04-26T23:39:23.000Z
7353009563479641387,https://www.tiktok.com/@marina.b.style/video/7353009563479641387,marina.b.style,https://www.tiktok.com/@marina.b.style,86100,86.1K,602,602,,,,,"Getting my patio & pool Spring ready with my new @beatbotglobal  AquaSense helper at #home 💦 Thankful for this World's Best Intelligent Cordless Pool Cleaning Robot and all the smart features it has to offer! It's powered by a Quad-Core 1.8 GHz Processor for the intelligent cutting-edge path optimization and can clean the pools floor, walls and waterline. Loving The smart return and surface parking function! I'm definitely going to have more time for organizing, decorating and enjoying outdoor, while it's working and cleaning for me. Link in Bio to shop, happy Springs and cleaning! #Beatbot #AquaSense #BeatbotAquaSense #Beatbotpoolcleaner #Beatbotpoolcleaning #roboticpoolcleaner #cordlesscleaningrobot #poolcleaning #BeatTheDirt #EmbraceTheSpring #homedecor #howto #fyp #foryou  #beforeandafter ",home;beatbot;aquasense;beatbotaquasense;beatbotpoolcleaner;beatbotpoolcleaning;roboticpoolcleaner;cordlesscleaningrobot;poolcleaning;beatthedirt;embracethespring;homedecor;howto;fyp;foryou;beforeandafter,beatbotglobal,original sound,Marina B. Style,2024-04-01T21:12:40.000Z
7524460048181939487,https://www.tiktok.com/@kylekruegerr/video/7524460048181939487,kylekruegerr,https://www.tiktok.com/@kylekruegerr,118200,118.2K,7636,7.6K,,,,,"This pool-cleaning robot is UNREAL. It scrubs the floor, walls, surface and waterline, then parks itself. Search “Aiper Scuba X1 Pro Max” on Amazon during Prime Day (July 8–11) to save big. Extra surprise savings with a c0de in my bye-oh 🫢 #AiperPrimeDayPartner #AiperPrimeDay #PoolCleaning #AiperScubaX1ProMax #Aiper #PoolRobot #tech #smarttech #summer #robotvacuum #automation #AItech ",aiperprimedaypartner;aiperprimeday;poolcleaning;aiperscubax1promax;aiper;poolrobot;tech;smarttech;summer;robotvacuum;automation;aitech,,original sound,Kyle Krueger,2025-07-07T21:48:11.000Z
7489210938554404142,https://www.tiktok.com/@angieanette/video/7489210938554404142,angieanette,https://www.tiktok.com/@angieanette,182800,182.8K,614,614,,,,,Que churre tenia el fondo de mi piscina! #aiperroboticpoolcleaner#poolcleaning#poolcleaning#poolvacuum#vacuumcleaner ,aiperroboticpoolcleaner;poolcleaning;poolcleaning;poolvacuum;vacuumcleaner,,original sound,Angie,2025-04-03T22:03:38.000Z
7479544776061144366,https://www.tiktok.com/@alainyander/video/7479544776061144366,alainyander,https://www.tiktok.com/@alainyander,325600,325.6K,7060,7.1K,,,,,"WYBOT S2 Solar High-end Cordless Robotic Pool Cleaner                      • Diseño compacto con motor sin escobillas • Carga del panel solar - Carga en la piscina, inicio y retorno con un solo toque • Regresa automáticamente a la base de carga inductiva de la línea de flotación cuando la batería está baja • Control remoto submarino • Modo de limpieza del área puntual • Horario de limpieza semanal • Batería intercambiable • Navegación inteligente basada en infrarrojos para una alta cobertura • 7 tipos de modo de limpieza, incluido el modo turbo • Filtración de 2 niveles • Indicación del nivel de la batería • Conexión de la aplicación y OTA disponibles #poolcleaning #poolcleaner #summertime #poolequipment #poolday #cleaner #poolmaintenance #swimmingpool",poolcleaning;poolcleaner;summertime;poolequipment;poolday;cleaner;poolmaintenance;swimmingpool,,sonido original,alainyander,2025-03-08T20:54:12.000Z
7497661741992611094,https://www.tiktok.com/@thejunglebadger/video/7497661741992611094,thejunglebadger,https://www.tiktok.com/@thejunglebadger,966600,966.6K,40200,40.2K,,,,,I bet you can't guess what this is... 😳 @Beatbot  #Beatbot #AquaSense2Ultra #roboticpoolcleaner,beatbot;aquasense2ultra;roboticpoolcleaner,beatbotglobal,original sound,Best Online Finds,2025-04-26T16:36:53.000Z
7450313285091462446,https://www.tiktok.com/@poolcleaning_factory/video/7450313285091462446,poolcleaning_factory,https://www.tiktok.com/@poolcleaning_factory,950,950,15,15,,,,,Keep your pool clean with pool cleaning robots#VikingRise #tool #tiktok ,vikingrise;tool;tiktok,,Cheap Thrills,Beauty Queen 👑🇻🇳,2024-12-20T02:20:40.000Z
7492860054987705646,https://www.tiktok.com/@_catben_/video/7492860054987705646,_catben_,https://www.tiktok.com/@_catben_,678400,678.4K,62200,62.2K,,,,,No more skimming for hours—this thing does ALL the work! 🌊☀️👙🍉 linked in my bio and use code CATBEN @Beatbot #Beatbot  #AquaSense2Ultra #roboticpoolcleaner #poolseason #momlife #cleantom,Beatbot;AquaSense2Ultra;roboticpoolcleaner;poolseason;momlife;cleantom,beatbotglobal,original sound,Catherine Benson,2025-04-13T18:04:24.000Z
7405753172830145838,https://www.tiktok.com/@chandlerisaac/video/7405753172830145838,chandlerisaac,https://www.tiktok.com/@chandlerisaac,17200,17.2K,819,819,,,,,"Replying to @mackaroni when he says: “can you clean the pool?” — why yes, yes we can 🍸👙 With my handy dandy @wybot_official robot 👏🏼  #poolcleaner #cleanthepool #cleantok #wybot #wybotc1 #backyardpool #swimingpoolaesthetic #backyardvibes #swimingpool #buildingapool #cleaningtiktok #outdoorpoolideas #cleaningpools #poolcleaning #poolvacuum ",poolcleaner;cleanthepool;cleantok;wybot;wybotc1;backyardpool;swimingpoolaesthetic;backyardvibes;swimingpool;buildingapool;cleaningtiktok;outdoorpoolideas;cleaningpools;poolcleaning;poolvacuum,mackeyblue_;wybot.official,Oui oui oui oui,Sacha Distel,2024-08-22T00:24:45.000Z
7496545844653608235,https://www.tiktok.com/@trutech/video/7496545844653608235,trutech,https://www.tiktok.com/@trutech,46000,46.0K,2234,2.2K,,,,,Check out this affordable robot pool vacuum on TikTok Shop ⬆️ The Seauto SAT10 Robotic Pool Vacuum is affordable and lets you easily keep your pool clean year round @Seauto Official #poolcleaning #poolrobot #seauto #poolrobotvacuum #seautosat10 #seautoparnter,poolcleaning;poolrobot;seauto;poolrobotvacuum;seautosat10;seautoparnter,seautous,original sound,Trutech | Technology Reviews,2025-04-23T16:26:52.000Z
7504880255081975082,https://www.tiktok.com/@janiceyoung29/video/7504880255081975082,janiceyoung29,https://www.tiktok.com/@janiceyoung29,2900,2.9K,21,21,,,,,#creatorsearchinsights #poolrobot #poolcleaner #wybot #automaticpoolcleaner #cleanpool #cordlessroboticpoolcleaner #poolcleaning  #poolmaintenance #cleanpool #poolcare #swimmingpool  ,creatorsearchinsights;poolrobot;poolcleaner;wybot;automaticpoolcleaner;cleanpool;cordlessroboticpoolcleaner;poolcleaning;poolmaintenance;cleanpool;poolcare;swimmingpool,,Tropical Summer Vibes,Netuno Music,2025-05-16T03:29:06.000Z
7440296228589522206,https://www.tiktok.com/@poolcleaning_factory/video/7440296228589522206,poolcleaning_factory,https://www.tiktok.com/@poolcleaning_factory,658,658,2,2,,,,,Pool cleaning robot#VikingRise #tool #tiktok ,vikingrise;tool;tiktok,,оригинальный звук,❄️🎄новогодний вайб ❄️🎄,2024-11-23T02:29:36.000Z
7592986493237415223,https://www.tiktok.com/@hustlestacks7/video/7592986493237415223,hustlestacks7,https://www.tiktok.com/@hustlestacks7,60,60,0,0,,,,,"New Pool Cleaning Robot 😳 This Tech Cleans by Itself 🤖🏊‍♂️ This new tech robot cleans swimming pools automatically 😳 No manual work, no mess — just smart sensors and advanced cleaning tech doing the job. This could change home and hotel pool maintenance forever. Would you buy this? 👇 #PoolCleaningRobot #SmartCleaning #FutureTech #sidehustle  #hustlestack ",poolcleaningrobot;smartcleaning;futuretech;sidehustle;hustlestack,,original sound,Hustle Stacks,2026-01-08T13:45:49.000Z
7469993807841332523,https://www.tiktok.com/@poolcleaning_factory/video/7469993807841332523,poolcleaning_factory,https://www.tiktok.com/@poolcleaning_factory,910,910,17,17,,,,,Pool cleaning robot automatically cleaning#VikingRise #tool #tiktok ,vikingrise;tool;tiktok,,Deep to the dark,Official Sound Studio,2025-02-11T03:11:31.000Z
7510980533841644831,https://www.tiktok.com/@mombie0405/video/7510980533841644831,mombie0405,https://www.tiktok.com/@mombie0405,2652,2.7K,13,13,,,,,Replying to @doingmybest inground cordless pool vacuum #poolcleaner #poolvacuum #robotpoolvacuum #viperpool #ingroundpool #ingroundpools #refinedliving #poolcleaning #summertime #pooltime #poolcleaner #roboticvacuum #roboticpoolcleaner #creatorsearchinsights #TikTokShopRestock#TikTokShopSpringGlowUp #tiktokshopmemorialday #tiktokrisingstar #springtok #Dealsforyoudays #tiktokshopsummerturnup @RefinedLiving ,poolcleaner;poolvacuum;robotpoolvacuum;viperpool;ingroundpool;ingroundpools;refinedliving;poolcleaning;summertime;pooltime;poolcleaner;roboticvacuum;roboticpoolcleaner;creatorsearchinsights;tiktokshoprestock;tiktokshopspringglowup;tiktokshopmemorialday;tiktokrisingstar;springtok;dealsforyoudays;tiktokshopsummerturnup,doingmybestbest;refinedliving01,original sound,Mombie 🧟,2025-06-01T14:01:04.000Z
7531061292296080662,https://www.tiktok.com/@thehomebadger/video/7531061292296080662,thehomebadger,https://www.tiktok.com/@thehomebadger,10500000,10.5M,161800,161.8K,,,,,Crazy it can outlive humans… 😱 Like if armageddon happened this thing would still be working 🤯 #WYBOT #Poolcleaner #robot,wybot;poolcleaner;robot,,original sound,thehomebadger,2025-07-25T16:44:12.000Z
7511835685024746794,https://www.tiktok.com/@selchankavamerike/video/7511835685024746794,selchankavamerike,https://www.tiktok.com/@selchankavamerike,28400,28.4K,241,241,,,,,Robotic Pool Vacuum Cleaner  #poolvacuum #poolside #poolcleaning #pool #clean #tiktokshop #tiktokdeals #sale #2025 ,poolvacuum;poolside;poolcleaning;pool;clean;tiktokshop;tiktokdeals;sale;2025,,No Sólo De Traficante,Los Tucanes De Tijuana,2025-06-03T21:19:31.000Z
7609341956065398046,https://www.tiktok.com/@walkerdailyfinds/video/7609341956065398046,walkerdailyfinds,https://www.tiktok.com/@walkerdailyfinds,340,340,9,9,,,,,"A cordless robotic pool cleaner designed to automatically vacuum dirt and debris during routine pool maintenance. Most people place it in the water, let it run a cleaning cycle, then remove it and rinse the filter afterward. The triple-motor system and brushes move across the floor, walls, and waterline to reduce manual brushing time. Rechargeable and hose-free, it fits easily into a weekly backyard routine for keeping the pool tidy.   robotic pool cleaner, cordless pool vacuum, automatic pool cleaner robot, wall climbing pool cleaner, pool floor vacuum robot, rechargeable pool cleaner, pool maintenance robot, backyard pool cleaning device, smart pool vacuum, pool cleaning equipment ##poolcare##poolmaintenance##poolcleaning##backyardliving##pooltools",poolcare;poolmaintenance;poolcleaning;backyardliving;pooltools,,original sound,walkerfamilystore,2026-02-21T15:33:35.000Z
7524606711215246597,https://www.tiktok.com/@mik.zenon/video/7524606711215246597,mik.zenon,https://www.tiktok.com/@mik.zenon,2800000,2.8M,20900,20.9K,,,,,On Sale for Prime Day 👀 You can find this under ✨Prime Day Deals✨ on my website. #amazon #vacuum ,amazon;vacuum,,original sound,Mik Zenon,2025-07-08T07:17:14.000Z
7513648570520685866,https://www.tiktok.com/@rachelsreno/video/7513648570520685866,rachelsreno,https://www.tiktok.com/@rachelsreno,173300,173.3K,581,581,,,,,These robot vacuums save so much time! Scuba SE compared to the scuba s1 #poolvacuum #poolcleaning #poolparty #abovegroundpoolsetup #abovegroundpool #robotpoolvacuum #cleanpool ,poolvacuum;poolcleaning;poolparty;abovegroundpoolsetup;abovegroundpool;robotpoolvacuum;cleanpool,,take on the world,audios 🎧,2025-06-08T18:34:40.000Z
7575838108113980693,https://www.tiktok.com/@anniesbucketlist/video/7575838108113980693,anniesbucketlist,https://www.tiktok.com/@anniesbucketlist,51400,51.4K,685,685,,,,,"@Aiper Black Friday and Cyber Monday deals are now on so you can save up to 40% off (link in bio). Enjoy an extra 5% off with the code: eleventh5off! This is the Aiper Scuba X1 Pro Max the cordless all-in-one pool cleaning robot that does absolutely everything from pools floors to walls, surface skimming to ledges. You can just turn it on, let it rub, get on with your day and come back to a sparkly clean pool!  [A D] #Aiper #AiperScubaX1ProMax #AiperScubaX1 #aipersurfers2 #BlackFriday2025 BlackFriday AiperBlackFriday PoolCleaning AiperRoboticPoolCleaner aiperpoolvacuumrobot",aiper;aiperscubax1promax;aiperscubax1;aipersurfers2;blackfriday2025,aiper_official,Warm Sunlight,Marscott,2025-11-23T08:41:11.000Z
7388212445849914656,https://www.tiktok.com/@thejunglebadger/video/7388212445849914656,thejunglebadger,https://www.tiktok.com/@thejunglebadger,442100,442.1K,13500,13.5K,,,,,This is one robot I don't mind taking over... 🔥  #Beatbot #AquaSense #roboticpoolcleaner,beatbot;aquasense;roboticpoolcleaner,,original sound,Best Online Finds,2024-07-05T17:57:48.000Z
7378503688907705643,https://www.tiktok.com/@chris_reviews_it/video/7378503688907705643,chris_reviews_it,https://www.tiktok.com/@chris_reviews_it,5810,5.8K,79,79,,,,,@Aiper Smart #Pool #PoolCleaning #Skimmer #SolarPower #Solar #SolarPoweredPoolCleaner #PoolRobot ,pool;poolcleaning;skimmer;solarpower;solar;solarpoweredpoolcleaner;poolrobot,aiper_official,Vlog ・ Stylish city pop(1275391),orino,2024-06-09T14:02:50.000Z
7487660583626624299,https://www.tiktok.com/@alainyander/video/7487660583626624299,alainyander,https://www.tiktok.com/@alainyander,1500000,1.5M,4742,4.7K,,,,,"WYBOT S2 Solar High-end Cordless Robotic Pool Cleaner • Diseño compacto con motor sin escobillas Carga del panel solar - Carga en la piscina, inicio y retorno con un solo toque * ﻿﻿Regresa automáticamente a la base de carga inductiva de la línea de flotación cuando la batería está baja * ﻿﻿Control remoto submarino * ﻿﻿Modo de limpieza del área puntual * ﻿﻿Horario de limpieza semanal * ﻿﻿Batería intercambiable * ﻿﻿Navegación inteligente basada en infrarrojos para una alta cobertura * ﻿﻿7 tipos de modo de limpieza incluido el modo turbo * ﻿﻿Filtración de 2 niveles * ﻿﻿Indicación del nivel de la batería * ﻿﻿Conexión de la aplicación y OTA disponibles #poolcleaning #poolcleaner #summertime #poolequipment #poolday #cleaner #poolmaintenance #swimmingpool #piscina #alberca ",poolcleaning;poolcleaner;summertime;poolequipment;poolday;cleaner;poolmaintenance;swimmingpool;piscina;alberca,,Epic,Metrow Ar,2025-03-30T17:47:55.000Z
7521197731843411255,https://www.tiktok.com/@hannah_a2018/video/7521197731843411255,hannah_a2018,https://www.tiktok.com/@hannah_a2018,2966,3.0K,39,39,,,,,"This robot pool vacuum just became my summer MVP 🏖️💦 Drops in, does all the work, and my pool has never looked better. Linked in bio! #amazonfind #poolcleaner #momlifemadeeasy #pooltok #robotvacuum #summertips #backyardgoals #amazonmusthaves #poolcleaning ",amazonfind;poolcleaner;momlifemadeeasy;pooltok;robotvacuum;summertips;backyardgoals;amazonmusthaves;poolcleaning,,Island In The Sun,Weezer,2025-06-29T02:48:50.000Z
7363004348084784426,https://www.tiktok.com/@itsjustmekimberly/video/7363004348084784426,itsjustmekimberly,https://www.tiktok.com/@itsjustmekimberly,164700,164.7K,1029,1.0K,,,,,#ofuzziwinnycyber1000 #roboticpoolcleaner #poolcleaner #@fiilpow_official #fiilpow #ingroundpool #abovegroundpool #pools #poolcleaners #poolequipment #mothersdaygift #fathersdaygift #tiktokshopsales ,ofuzziwinnycyber1000;roboticpoolcleaner;poolcleaner;fiilpow;ingroundpool;abovegroundpool;pools;poolcleaners;poolequipment;mothersdaygift;fathersdaygift;tiktokshopsales,fiilpow_official,original sound,Kimberly morton,2024-04-28T19:37:46.000Z
7597995236555590967,https://www.tiktok.com/@jrettinger/video/7597995236555590967,jrettinger,https://www.tiktok.com/@jrettinger,5008,5.0K,813,813,,,,,"Checking out the Beatbot booth at CES 2026! This is the new AquaSense X: it’s a literal cleaning and charging station for your pool robot. It docks, it cleans itself, and you actually get your free time back. Game changer. 🏊‍♂️🤖 Check out my latest video to learn more about Beatbot - Link In Bio!  Beatbot AquaSense X launches Jan 5, 2026. Reserve with a $250 deposit to unlock 4-year warranty with full unit replacement (first 500 orders only). Preorder now: https://beatbot.com/pages/aquasense-x?utm_source=KOL&utm_medium=CPM&utm_campaign=2026-s1-max-ces-jan&utm_term=Tech+show&utm_content=JonRettinger Beatbot Sora 70 is now open for sign-up on Beatbot.  Visit https://beatbot.com/pages/sora-70?utm_source=KOL&utm_medium=CPM&utm_campaign=2026-m1-pro-ces-jan&utm_term=Tech+show&utm_content=JonRettinger to stay updated and be the first to know. #Beatbot #BeatbotCES2026 #BeatbotPerfectPools #Sora70 #Aquasensex @Beatbot ",beatbot;beatbotces2026;beatbotperfectpools;sora70;aquasensex,beatbotglobal,original sound,Jon Rettinger,2026-01-22T01:42:31.000Z
7530999812745907511,https://www.tiktok.com/@ginlustigvip/video/7530999812745907511,ginlustigvip,https://www.tiktok.com/@ginlustigvip,35700,35.7K,1287,1.3K,,,,,"Hydro 4SE Robotic Pool vacuum Cleaner filter,suction Wall/Waterline cleaning smart navigation floor pool cleaning/tool system 473inch/12m cable 4.1L Large Capacity  It effectively cleans walls and waterlines, tackling sand, twigs, leaves, and pet hair with ease  #Poolmate Hydro 4SE #PoolCleaner #Poolmate #RoboticVacuum #CleanPool #SmartNavigation #CordlessConvenience #IngroundPools #PoolMaintenance #EffortlessCleaning #SummerReady#pool vacuum#pool Cleaning #ginlustig ",poolmate;poolcleaner;poolmate;roboticvacuum;cleanpool;smartnavigation;cordlessconvenience;ingroundpools;poolmaintenance;effortlesscleaning;summerready;pool;pool;ginlustig,,original sound,Gin Lustig,2025-07-25T12:45:51.000Z
7387508151609724206,https://www.tiktok.com/@thebenderfam24/video/7387508151609724206,thebenderfam24,https://www.tiktok.com/@thebenderfam24,370900,370.9K,1712,1.7K,,,,,"The best pool cleaning hack, this robotic pool cleaner #pool #backyardpool #backyardvibes #cleaninghacks ",pool;backyardpool;backyardvibes;cleaninghacks,,original sound,The Bender Fam,2024-07-03T20:24:45.000Z
7506220243459558686,https://www.tiktok.com/@chandlerisaac/video/7506220243459558686,chandlerisaac,https://www.tiktok.com/@chandlerisaac,844100,844.1K,2954,3.0K,,,,,"Pool upgrade I didn't know I needed: cleaning the spa is no longer on my chore list thanks to our new little baby and world's first automatic spa cleaner the Polaris Spabot. She’s small, she's powerful, and she works harder than your pool man ever will ;) Polaris has been around for over 50 years and they know what they are doing when it comes to cleaning your pool and spa and this is the first automatic spa cleaner. It’s wildly easy to use, does not need an app, remote or programming just pop it in your hot tub and that's it! Head to your local pool store during Polaris Days for expert advice and exclusive deals you won’t find online. Because when it comes to trust, legacy, and quality—there’s only one Polaris. #polarispools #polarispoolcleaners #ad #poolbuild #poolcleaning #poolrobot #cleanwithme #cleaninghacks #poolgadgets #poolcleaner #poolaccessories #backyardrenovation #buildingapool #pooltips #poolmaintance #hottub #hottubcleaner #polarisdays ",polarispools;polarispoolcleaners;ad;poolbuild;poolcleaning;poolrobot;cleanwithme;cleaninghacks;poolgadgets;poolcleaner;poolaccessories;backyardrenovation;buildingapool;pooltips;poolmaintance;hottub;hottubcleaner;polarisdays,,original sound,CHANDLER ISAAC,2025-05-19T18:08:39.000Z
7607225723719355679,https://www.tiktok.com/@ls3dp/video/7607225723719355679,ls3dp,https://www.tiktok.com/@ls3dp,717,717,8,8,,,,,@igarden_official #poolrobot #poolcleaning #tiktokshopcreatorpicks ,poolrobot;poolcleaning;tiktokshopcreatorpicks,igarden_official,original sound,TheLightSpeed!,2026-02-15T22:41:23.000Z
7518437872051981581,https://www.tiktok.com/@marandaleann/video/7518437872051981581,marandaleann,https://www.tiktok.com/@marandaleann,437700,437.7K,1045,1.0K,,,,,This is the best pool vacuum I've found and has saved me so much time cleaning my pool!  #AIPER #aiperpoolvacuum #automaticpoolvacuum  #poolvacuum #vacuum #abovegroundpool #poolhack #tiktokshopcreatorpicks #dealsforyoudays #poolmusthave #summer ,aiper;aiperpoolvacuum;automaticpoolvacuum;poolvacuum;vacuum;abovegroundpool;poolhack;tiktokshopcreatorpicks;dealsforyoudays;poolmusthave;summer,,original sound,Maranda Leann,2025-06-21T16:19:29.000Z
7523611597210684727,https://www.tiktok.com/@1ahmi/video/7523611597210684727,1ahmi,https://www.tiktok.com/@1ahmi,603,603,35,35,,,,,#fypシ゚ #summervibes #trending #pool ,fypシ゚;summervibes;trending;pool,,original sound,kardashianshulu,2025-07-05T14:56:28.000Z
7493680374564965678,https://www.tiktok.com/@unfiltered.reviews/video/7493680374564965678,unfiltered.reviews,https://www.tiktok.com/@unfiltered.reviews,115500,115.5K,185,185,,,,,this is by far one of the best pool vacuums I've ever had. #poolvacuum #poolcleaner #poolmaintenance #poolvac #robotpoolvacuum #pool #poolcleaning ,poolvacuum;poolcleaner;poolmaintenance;poolvac;robotpoolvacuum;pool;poolcleaning,,original sound,unfiltered,2025-04-15T23:07:33.000Z
7335488320895520042,https://www.tiktok.com/@swimuniversity/video/7335488320895520042,swimuniversity,https://www.tiktok.com/@swimuniversity,26500,26.5K,155,155,,,,,Robotic Pool Cleaners: Worth It?,,,original sound,Swim University®,2024-02-14T16:01:39.000Z
7510261919450696991,https://www.tiktok.com/@getawaysbygabby/video/7510261919450696991,getawaysbygabby,https://www.tiktok.com/@getawaysbygabby,24400,24.4K,151,151,,,,,"Say goodbye to manual pool cleaning with the Aiper Surfer Robotic Skimmer! & This cordless, solar-powered skimmer glides effortlessly across your pool, collecting leaves, debris, and dust - so you can enjoy crystal-clear water with zero effort. Smart sensors and long battery life make it the ultimate pool maintenance upgrade. Work smarter, not harder this summer! #AiperSurfer #RoboticSkimmer #PoolLife #SmartPool #PoolCleaning #SummerReady #BackyardGoals #SolarPowered #TechForHome #PoolCare #LazySummerDays #EcoFriendlyTech #CordlessSkimmer #PoolMaintenance #smarthomegadgets #tiktokshopcreatorpicks ##tiktokshopsummerturnup #creatoricons #ttsthunderbolt ",aipersurfer;roboticskimmer;poollife;smartpool;poolcleaning;summerready;backyardgoals;solarpowered;techforhome;poolcare;lazysummerdays;ecofriendlytech;cordlessskimmer;poolmaintenance;smarthomegadgets;tiktokshopcreatorpicks;tiktokshopsummerturnup;creatoricons;ttsthunderbolt,,original sound,Getaway Gabby,2025-05-30T15:32:19.000Z
7519268109774114079,https://www.tiktok.com/@lauraleiser_/video/7519268109774114079,lauraleiser_,https://www.tiktok.com/@lauraleiser_,257900,257.9K,3012,3.0K,,,,,Robot inalámbrico para todo tipo de piscina excelente calidad con una duración máxima de su batería !   @@WYBOT US ##WYBOT##WYBOTC1##limpiadordepiscinas##robots##robotdepiscina##limpiadordepiscinas##aspiradordepiscinas,wybot;wybotc1;limpiadordepiscinas;robots;robotdepiscina;limpiadordepiscinas;aspiradordepiscinas,wybot.official,sonido original,Laura Leiser,2025-06-23T22:00:58.000Z
7415362132885327150,https://www.tiktok.com/@michaelemuhammad/video/7415362132885327150,michaelemuhammad,https://www.tiktok.com/@michaelemuhammad,65,65,0,0,,,,,,,,Don't Worry Be Happy,Reggae Allstars,2024-09-16T21:52:37.000Z
7249447630856752430,https://www.tiktok.com/@gracefulmommy/video/7249447630856752430,gracefulmommy,https://www.tiktok.com/@gracefulmommy,91500,91.5K,587,587,,,,,Amazon find ☀️ this cordless pool vacuum is a game-changer for keeping the pool clean without any annoying cord in the way 👏🏼👏🏼 linked in my amazon storefront under “tiktok finds” #amazonfinds #amazonprime #primeday #amazonprimeday #amazon #poolcleaner #poolproduct #poolvacuum #summer ,amazonfinds;amazonprime;primeday;amazonprimeday;amazon;poolcleaner;poolproduct;poolvacuum;summer,,Caramel Latte,Prod. By Rose,2023-06-27T19:19:35.000Z
7490569551202045226,https://www.tiktok.com/@dailyscriptok/video/7490569551202045226,dailyscriptok,https://www.tiktok.com/@dailyscriptok,22900,22.9K,147,147,,,,,"Replying to @rgkdetailing . Dive into pool cleaning with the Solar-Powered Pool Vacuum! Say goodbye to cords and sky-high energy bills. This eco-friendly cleaner harnesses the sun's power to keep your pool sparkling, giving you more time to relax and enjoy your summer. #TikTokShop #SummerEssentials #PoolCleaning #CleanTok #SolarPoolVacuum #EcoFriendlyPool #CordlessPoolCleaner #PoolHacks #TheTickTockShop #SmartHome   ",tiktokshop;summeressentials;poolcleaning;cleantok;solarpoolvacuum;ecofriendlypool;cordlesspoolcleaner;poolhacks;theticktockshop;smarthome,rgkdetails,original sound,Daily Scriptok,2025-04-07T13:56:47.000Z
7377928137310489898,https://www.tiktok.com/@everydayali__/video/7377928137310489898,everydayali__,https://www.tiktok.com/@everydayali__,593700,593.7K,4705,4.7K,,,,,CHECK YOUR COUPONS! ‼️Proof that TikTok shop has better deals! #roboticpoolcleaner #poolcleanup #poolcleaning #pool #abovegroundpool #undergroundpool #abovegroundpoolsetup #cordlesspoolcleaner #foryoupage #foryou #fypシ゚viral #tiktokshopfinds ,roboticpoolcleaner;poolcleanup;poolcleaning;pool;abovegroundpool;undergroundpool;abovegroundpoolsetup;cordlesspoolcleaner;foryoupage;foryou;fypシ゚viral;tiktokshopfinds,,original sound,Ali 🗝️,2024-06-08T00:49:22.000Z
7397968063242554654,https://www.tiktok.com/@rachelsreno/video/7397968063242554654,rachelsreno,https://www.tiktok.com/@rachelsreno,148500,148.5K,697,697,,,,,A MUST HAVE if you own a pool! Seriously my highest recommendation!! Love this soo much! #robotvacuumcleaner #poolvacuum #cleanpool#pool#summervibes#poolcleaning #poolvacuuming #automatic#robotic#easy#poolhack#aiper ,robotvacuumcleaner;poolvacuum;cleanpool;pool;summervibes;poolcleaning;poolvacuuming;automatic;robotic;easy;poolhack;aiper,,Spring Forest Birds Sing Near the Road,Aadam Aki,2024-08-01T00:54:42.000Z
7552641373430730014,https://www.tiktok.com/@webb_tech/video/7552641373430730014,webb_tech,https://www.tiktok.com/@webb_tech,38200,38.2K,40,40,,,,,Fanttik Robotic Pool Cleaner #fanttik #tiktokshoprestock #poolcleaning #spotlightfinds #webbtech ,fanttik;tiktokshoprestock;poolcleaning;spotlightfinds;webbtech,,original sound,Webb Tech,2025-09-21T20:26:11.000Z
7232676652084481322,https://www.tiktok.com/@phillynut4life/video/7232676652084481322,phillynut4life,https://www.tiktok.com/@phillynut4life,6766,6.8K,44,44,,,,,#Polarisfreedompoolcleaner  #Polaris #robotvacuumcleaner  #cordlesspoolcleaner  #pinchapenny  #pinchapennyhudson ,polarisfreedompoolcleaner;polaris;robotvacuumcleaner;cordlesspoolcleaner;pinchapenny;pinchapennyhudson,,Tropical Paradise(824514),TimTaj,2023-05-13T14:39:40.000Z
7508869372031683870,https://www.tiktok.com/@genx03333/video/7508869372031683870,genx03333,https://www.tiktok.com/@genx03333,3192,3.2K,18,18,,,,,"(2025 Upgrade) WYBOT C1 Robotic Pool Vacuum for Inground Pools, 150min Runtime Cordless Pool Cleaner, 4-in-1 Wall & Waterline Cleaning Up to 1,614Sq.ft, Smart Navigation, App Support. @Wybot ",,wybot.us,Cool Pool Party Summer Fun,DMmusic,2025-05-26T21:28:37.000Z
6981962818153188614,https://www.tiktok.com/@paigejed21/video/6981962818153188614,paigejed21,https://www.tiktok.com/@paigejed21,25100,25.1K,132,132,,,,,Cleaning our above ground pool with the #maytronics #dolphins50 #abovegroundpool #poolvacuum #poolrobot #dolohin  #notsponsored,maytronics;dolphins50;abovegroundpool;poolvacuum;poolrobot;dolohin;notsponsored,,Mission Impossible (Main Theme),Favorite Movie Songs,2021-07-06T23:41:43.000Z
7456202382028934443,https://www.tiktok.com/@terra.hills/video/7456202382028934443,terra.hills,https://www.tiktok.com/@terra.hills,1060,1.1K,8,8,,,,,Come clean my Dolphin Premier robotic pool cleaner with me #poolcleaning #dolphinpremier #asmr ,poolcleaning;dolphinpremier;asmr,,original sound,Terra Hills,2025-01-04T23:13:26.000Z
7252799178580020522,https://www.tiktok.com/@amymarietta/video/7252799178580020522,amymarietta,https://www.tiktok.com/@amymarietta,348400,348.4K,2881,2.9K,,,,,an Amazon find that will make your life so much easier 🤌🏼 @Smorobot  #amazonfinds #pooldesign #homeimprovement #smorobot  #poolhacks,amazonfinds;pooldesign;homeimprovement;smorobot;poolhacks,smorobot,Soft Jazz Background,Soft Jazz Trio,2023-07-06T20:05:08.000Z
7471104631662202158,https://www.tiktok.com/@poolcleaning_factory/video/7471104631662202158,poolcleaning_factory,https://www.tiktok.com/@poolcleaning_factory,952,952,12,12,,,,,Pool cleaning robot cleans your pool#VikingRise #tool #tiktok ,vikingrise;tool;tiktok,,Im your Christmas present baby demo,kafkaf ra nhạc mới,2025-02-14T03:01:49.000Z
7406535675694107934,https://www.tiktok.com/@whatsinside/video/7406535675694107934,whatsinside,https://www.tiktok.com/@whatsinside,115100,115.1K,3136,3.1K,,,,,Are Cordless Swimming Pool Cleaners worth it? Here’s my thoughts on @wybot_official S2 battery powered cleaner! What do you think? #swimmingpool #falling #robot ,swimmingpool;falling;robot,wybot.official,original sound,WHATS INSIDE,2024-08-24T03:01:23.000Z
7509225809475964206,https://www.tiktok.com/@meganmakesreviews/video/7509225809475964206,meganmakesreviews,https://www.tiktok.com/@meganmakesreviews,7363,7.4K,30,30,,,,,"Looking for a pool vacuum that actually lasts?! My dad’s had the @HaywardPoolProducts TracVac for a year—and it still climbs the walls, cleans shelves and corners, and picks up dirt like a pro. For in-ground pool owners, this one’s a game-changer. Best pool vacuum we’ve owned!  #poolvacuum #haywardpoolproducts #tracvac #ingroundpool #poolmaintenance #poolcleaning ",poolvacuum;haywardpoolproducts;tracvac;ingroundpool;poolmaintenance;poolcleaning,haywardpoolproducts,original sound,Megan Makes Reviews🗝️,2025-05-27T20:31:48.000Z
7503213671389154602,https://www.tiktok.com/@ashtonbrown007/video/7503213671389154602,ashtonbrown007,https://www.tiktok.com/@ashtonbrown007,14300,14.3K,77,77,,,,,Replying to @🌻  🌾  𝓔𝓶𝓲𝓵𝔂 🌾 🌻 AIPER Scuba SE Pool Robot Cleaner #PoolCleaner #SmartCleaning #PoolMaintenance #RobotVacuum #SparklingPool #CleanPooll#PoolHackss #AquaTech #Summer #SwimmingPoolCare  #PoolGadgets #Aiper,poolcleaner;smartcleaning;poolmaintenance;robotvacuum;sparklingpool;cleanpooll;poolhackss;aquatech;summer;swimmingpoolcare;poolgadgets;aiper,emmyjoann94,original sound,AshtonBrown007,2025-05-11T15:41:50.000Z
7492099585901399342,https://www.tiktok.com/@manifestwithjenni/video/7492099585901399342,manifestwithjenni,https://www.tiktok.com/@manifestwithjenni,60800,60.8K,211,211,,,,,"Pool season just got way easier. The Winny Pool Robotic Vacuum is doing all the hard work so you don’t have to — and it’s actually kinda fun to watch. 	•	Cordless + rechargeable = no tangles 	•	 scrubs the floor 	•	Smart sensors = no getting stuck 	•	Cleans your pool in just 90 minutes! If you’re tired of skimming, scrubbing, and dragging hoses — this little robot is about to be your poolside BFF. Just charge it, drop it in, and let it do its thing. #tiktokshop #tiktokshopcreatorpicks #tiktokshoprestock #tiktokshopmothersday #tiktokshopdealsfordays #blackfriday #fyp #viral #tiktokshopspringglowup #foryou #homerefresh SEO keywords: winny pool vacuum, robotic pool cleaner, pool cleaning robot, cordless pool vacuum, automatic pool vacuum, summer pool essential, tiktok viral pool gadget, clean pool hack, smart pool robot, pool maintenance made easy Search terms: best pool vacuum tiktok, robotic cleaner for pool, winny pool bot, easy pool cleaning tool, cordless pool cleaner, how to clean pool fast, smart vacuum for pool, summer pool care, automatic pool cleaning robot, viral pool cleaner 2025",tiktokshop;tiktokshopcreatorpicks;tiktokshoprestock;tiktokshopmothersday;tiktokshopdealsfordays;blackfriday;fyp;viral;tiktokshopspringglowup;foryou;homerefresh,,original sound,Manifest with Jenni,2025-04-11T16:53:32.000Z
7510033159766035758,https://www.tiktok.com/@rachelsreno/video/7510033159766035758,rachelsreno,https://www.tiktok.com/@rachelsreno,4300000,4.3M,85100,85.1K,,,,,This is a MUST HAVE purchase for your pool this summer! #poolvacuum #cleanpool #aiper #scubase #robotvaccuum #poolday #poolcleaning #pooltok #abovegroundpool #summer #poolday,poolvacuum;cleanpool;aiper;scubase;robotvaccuum;poolday;poolcleaning;pooltok;abovegroundpool;summer;poolday,,5 Minutes of Silence,Silenzio,2025-05-30T00:44:54.000Z
7580801622809333047,https://www.tiktok.com/@cashville_1975/video/7580801622809333047,cashville_1975,https://www.tiktok.com/@cashville_1975,344000,344.0K,533,533,,,,,#creatorsearchinsights #PoolCleaner #BackyardLiving #SummerPrep #tiktokshopcreatorpicks,creatorsearchinsights;poolcleaner;backyardliving;summerprep;tiktokshopcreatorpicks,,original sound,Cash King,2025-12-06T17:42:38.000Z
7343703407816969518,https://www.tiktok.com/@eddie4356/video/7343703407816969518,eddie4356,https://www.tiktok.com/@eddie4356,4100000,4.1M,18100,18.1K,,,,,On Sale Now! Plus Free Shipping! Robot Pool Vacuum #robot #pool #vacuum #robotvacuum #ofuzzi #cyber1200pro #onsale #freeshipping ,robot;pool;vacuum;robotvacuum;ofuzzi;cyber1200pro;onsale;freeshipping,,tropical reggae BGM no melody,yo suzuki(akisai),2024-03-07T19:20:50.000Z
7426110202056969518,https://www.tiktok.com/@poolologytx/video/7426110202056969518,poolologytx,https://www.tiktok.com/@poolologytx,11600,11.6K,70,70,,,,,"$1500 ROBOT Cleans Your Pool, Is it WORTH the big price tag? #RobotCleaner #BeatBot #PoolGuy #PoolMaintenance #PoolCleaner",robotcleaner;beatbot;poolguy;poolmaintenance;poolcleaner,,original sound,poolologytx,2024-10-15T21:00:24.000Z
7280711962835619118,https://www.tiktok.com/@bluh2opools/video/7280711962835619118,bluh2opools,https://www.tiktok.com/@bluh2opools,15500,15.5K,212,212,,,,,Pool-Cleaning Robots Explained,,,original sound,Blu H2O Pools,2023-09-20T01:20:59.000Z
7512644755755568430,https://www.tiktok.com/@gripandripped/video/7512644755755568430,gripandripped,https://www.tiktok.com/@gripandripped,77200,77.2K,132,132,,,,,Aiper robot pool vacuum review.  We will see how well it works I have a small pool. #walmart #Aiper #review ,walmart;aiper;review,,original sound,gripandripped,2025-06-06T01:39:10.000Z
7486182685061385474,https://www.tiktok.com/@me_llaman_geek/video/7486182685061385474,me_llaman_geek,https://www.tiktok.com/@me_llaman_geek,144100,144.1K,2904,2.9K,,,,,"Meto un robot limpia piscinas en la piscina MÁS SUCIA que he encontrado para ver si puede con toda la suciedad… El Scuba X1 de @aiperiberia es un robot limpia piscinas sin cables que promete limpiar suelos, paredes y la línea de flotación sin necesidad de intervención #AiperRobotPiscinas #aiper #aiperscubax1 #limpiapiscinas #limpiafondos #limpiafondospiscina #mejorlimpiapiscinas #poolvacuum ",aiperrobotpiscinas;aiper;aiperscubax1;limpiapiscinas;limpiafondos;limpiafondospiscina;mejorlimpiapiscinas;poolvacuum,,sonido original,Diego Rodríguez,2025-03-26T18:12:17.000Z
7524412532304416014,https://www.tiktok.com/@beasleysfamily/video/7524412532304416014,beasleysfamily,https://www.tiktok.com/@beasleysfamily,15200,15.2K,1769,1.8K,,,,,#fanttik #fanttikpoolcleaner #poolcleaning #poolcleaner #poolvacuum #poolrobot #robotvaccuum #robotpoolvacuum #pool #poolside #poolday #poolparty #poolside #poolmaintenance #poolupdate #poolupgrades #poolupgrade #abovegroundpool #poolservice #poolsetup #poolsidevibes #poolsoftiktok #poolseason #poolcare #cleanpool #poolcleaningservice #poolhack #tiktokshopcreatorpick #dealsforyoudays #dealsfordays #deals #summerset #summervibes #summeriscoming #summersale  #newtech #tech #cooltech #gadgets #newgadgets #coolstuff #smartpoolcleaner #smartpool #smarthome #smarthometechnology #bestgadgets #besttech #amazing #awesomefinds #greatfinds #musthaves #poolmusthaves ,fanttik;fanttikpoolcleaner;poolcleaning;poolcleaner;poolvacuum;poolrobot;robotvaccuum;robotpoolvacuum;pool;poolside;poolday;poolparty;poolside;poolmaintenance;poolupdate;poolupgrades;poolupgrade;abovegroundpool;poolservice;poolsetup;poolsidevibes;poolsoftiktok;poolseason;poolcare;cleanpool;poolcleaningservice;poolhack;tiktokshopcreatorpick;dealsforyoudays;dealsfordays;deals;summerset;summervibes;summeriscoming;summersale;newtech;tech;cooltech;gadgets;newgadgets;coolstuff;smartpoolcleaner;smartpool;smarthome;smarthometechnology;bestgadgets;besttech;amazing;awesomefinds;greatfinds;musthaves;poolmusthaves,,original sound,Beasley,2025-07-07T18:44:00.000Z
7575454507199450376,https://www.tiktok.com/@theaussiepoolguy/video/7575454507199450376,theaussiepoolguy,https://www.tiktok.com/@theaussiepoolguy,9496,9.5K,85,85,,,,,So I have released my first cordless robotic pool cleaner . Im nervous as I haven’t seen alot of these perform to make a judgement but from first impressions looks good. ZODIAC FREERIDER 2000IQ #poolguy #poolside #cleaners #theaussiepoolguy ,poolguy;poolside;cleaners;theaussiepoolguy,,original sound,theaussiepoolguy,2025-11-22T07:52:35.000Z
7492774531107425579,https://www.tiktok.com/@ourwintonhome/video/7492774531107425579,ourwintonhome,https://www.tiktok.com/@ourwintonhome,141000,141.0K,772,772,,,,,"Amazon pool find! This is a solar powered robot pool skimmer! This skimmer works AMAZING! We have had ours for over a year now, that’s why it’s slightly faded but I had to share with yall bc it’s the best thing ever if you have a pool! It’s solar powered, so it charges all day in the sun and runs non stop to keep your pools surface clean! We had a storm the day before I filmed this and you can see all of the dirt and leaves that it cleaned up out of the pool! It had it looking amazing the next day! I can’t say enough good things about this skimmer.❤️❤️ It will keep your pool clean and ready for swimming all summer long! #outdoorliving #poolideas #backyardvibes #amazonmusthaves #amazonoutdooor #summerfinds #poolfinds #summeressentials #pooltime #poolparty ",outdoorliving;poolideas;backyardvibes;amazonmusthaves;amazonoutdooor;summerfinds;poolfinds;summeressentials;pooltime;poolparty,,Sold out of Love,The Nude Party,2025-04-13T12:33:26.000Z
7368630053338467626,https://www.tiktok.com/@applesauceandadhd/video/7368630053338467626,applesauceandadhd,https://www.tiktok.com/@applesauceandadhd,1600000,1.6M,112800,112.8K,,,,,I was sent this to test out and I have thoughts… #poolvacuum #poolrobot #poolcleaning #poolside #poolopening #robotpoolvacuum #aiperpoolrobot ,poolvacuum;poolrobot;poolcleaning;poolside;poolopening;robotpoolvacuum;aiperpoolrobot,,original sound,Jess|Aggressive Tutorials,2024-05-13T23:28:12.000Z
7325968088233708846,https://www.tiktok.com/@betta_direct/video/7325968088233708846,betta_direct,https://www.tiktok.com/@betta_direct,6965,7.0K,30,30,,,,,Betta can capture the tiniest bugs and debris! 🩵 Betta Skimmer 🩵 A solar powered robotic skimmer that effectively cleans your pool! 💪🏻 #Betta #BettaSkimmer #BettaRobot #PoolRobot #poolcleaning #poolcleaningservice #roboticpoolcleaner  #poolmaintenance #PoolCleaner,betta;bettaskimmer;bettarobot;poolrobot;poolcleaning;poolcleaningservice;roboticpoolcleaner;poolmaintenance;poolcleaner,,original sound - Bettabot,betta_direct,2024-01-20T00:18:14.000Z